INSERT INTO `CompatibleDevices` (`CompDevID`, `Name`, `Manufacturer`, `Model`, `DeviceType`, `MinSWVersion`, `VoltMin`, `VoltMax`, `CurrMin`, `CurrMax`) VALUES 
    (1, 'Virtual', 'Undefined', 'Undefined', 'BiSource', 0, 0, 9999999, -999999, 999999),
    (2, 'EPC', 'Wattrex', 'A', 'Epc', 0, 0, 6000, -15000, 15000),
    (3, 'BMS', 'Liftec', '0', 'Bms', 0, NULL, NULL, NULL, NULL),
    (4, 'SOURCE_300W', 'EA', 'PS_2042-20_B', 'Source', 0, 0, 42000, NULL, 20000),
    (5, 'LOAD', 'RS', 'KEL-103', 'Load', 0, NULL, 120000, NULL, 30000),
    (6, 'BISOURCE_30kW_200V_420A', 'EPS', 'PSB_10200-420', 'BiSource', 0, 0, 200000, -420000, 420000),
    (7, 'SOURCE_2Chan', 'EA', 'PS_2384-05_B', 'Source', 0, 0, 84000, NULL, 5000),
    (8, 'BK', 'BK_Precision', '2831E', 'Bk', 0, 0, 84000, NULL, 20000),
    (9, 'Source_100W', 'EA', 'PS_2042-06B', 'Source', 0, 0, 84000, NULL, 6000),
    (10, 'BISOURCE_5kW_80V_120A', 'EPS', 'PSB_9080-120', 'BiSource', 0, 0, 80000, -120000, 120000),
    (11, 'BISOURCE_30kW_500V_180A', 'EPS', 'PSB_10500-180', 'BiSource', 0, 0, 500000, -180000, 180000);

INSERT INTO `UsedMeasures` (`UsedMeasID`, `CSID`, `DevID`, `MeasType`, `CustomName`) VALUES
    (1, 1, 1, 1, NULL),
    (2, 1, 1, 2, NULL),
    (3, 1, 1, 3, NULL),
    (4, 1, 1, 4, NULL),
    (5, 1, 1, 5, NULL),
    (6, 1, 1, 6, NULL),
    (7, 1, 1, 7, NULL),
    (8, 1, 1, 8, NULL),
    (9, 1, 1, 9, NULL),
    (10, 1, 1, 10, NULL);

INSERT INTO `AvailableMeasures` (`MeasType`, `CompDevID`, `MeasName`) VALUES
    (1, 1, 'temp_1'),
    (2, 1, 'temp_2'),
    (3, 1, 'temp_3'),
    (4, 1, 'temp_4'),
    (5, 1, 'presion_1'),
    (6, 1, 'presion_2'),
    (7, 1, 'nivel_1'),
    (8, 1, 'nivel_2'),
    (9, 1, 'caudal_1'),
    (10, 1, 'caudal_2'),
    (11, 2, 'hs_voltage'),
    (12, 2, 'temp_body'),
    (13, 2, 'temp_amb'),
    (14, 2, 'temp_anod'),
    (15, 3, 'temp1'),
    (16, 3, 'temp2'),
    (17, 3, 'temp3'),
    (18, 3, 'temp4'),
    (19, 3, 'vcell1'),
    (20, 3, 'vcell2'),
    (21, 3, 'vcell3'),
    (22, 3, 'vcell4'),
    (23, 3, 'vcell5'),
    (24, 3, 'vcell6'),
    (25, 3, 'vcell7'),
    (26, 3, 'vcell8'),
    (27, 3, 'vcell9'),
    (28, 3, 'vcell10'),
    (29, 3, 'vcell12'),
    (30, 3, 'vstack'),
    (31, 3, 'status'),
    (32, 3, 'pres1'),
    (33, 3, 'pres2'),
    (34, 4, 'voltage'),
    (35, 4, 'current'),
    (36, 4, 'power'),
    (37, 5, 'voltage'),
    (38, 5, 'current'),
    (39, 5, 'power'),
    (40, 6, 'voltage'),
    (41, 6, 'current'),
    (42, 6, 'power'),
    (43, 7, 'voltage'),
    (44, 7, 'current'),
    (45, 7, 'power'),
    (46, 8, 'voltage'),
    (47, 8, 'current'),
    (48, 9, 'voltage'),
    (49, 9, 'current'),
    (50, 9, 'power'),
    (51, 10, 'voltage'),
    (52, 10, 'current'),
    (53, 10, 'power'),
    (54, 11, 'voltage'),
    (55, 11, 'current'),
    (56, 11, 'power');

INSERT INTO `LinkConfiguration` (`CompDevID`, `Property`, `Value`) VALUES 
    (4, 'baudrate', '9600'),
    (4, 'separator', '\\n'),
    (4, 'timeout', '1'),
    (4, 'write_timeout', '1'),
    (5, 'baudrate', '115200'),
    (5, 'separator', '\\n'),
    (5, 'timeout', '1'),
    (5, 'write_timeout', '1'),
    (6, 'baudrate', '9600'),
    (6, 'separator', '\\n'),
    (6, 'timeout', '1'),
    (6, 'write_timeout', '1'),
    (7, 'baudrate', '9600'),
    (7, 'separator', '\\n'),
    (7, 'timeout', '1'),
    (7, 'write_timeout', '1'),
    (8, 'baudrate', '38400'),
    (8, 'separator', '\\n'),
    (8, 'timeout', '1'),
    (8, 'write_timeout', '1'),
    (9, 'baudrate', '9600'),
    (9, 'separator', '\\n'),
    (9, 'timeout', '1'),
    (9, 'write_timeout', '1'),
    (10, 'baudrate', '9600'),
    (10, 'separator', '\\n'),
    (10, 'timeout', '1'),
    (10, 'write_timeout', '1'),
    (11, 'baudrate', '9600'),
    (11, 'separator', '\\n'),
    (11, 'timeout', '1'),
    (11, 'write_timeout', '1');
